{
    "loss": 4.365615367889404,
    "accuracy": 0.6115108132362366
}