{
    "loss": 2.635002613067627,
    "accuracy": 0.5035971403121948
}